path,bytes,sha256
01_logo/png/icon-color-1024.png,151417,a52d10e6566ade5f6ed4477bdcf3d33e346cabb328c6795a3ff6a5b036b431d0
01_logo/png/icon-color-128.png,11479,406efe5ea7790b502364f16ab758748e0b5089d3dc87c02735751d9aec4aacd8
01_logo/png/icon-color-256.png,27984,782c7b1d5ea779d2d645f632dff9ebcba803dd5f994ed46dff442b00ec832087
01_logo/png/icon-color-512.png,64994,e60b6d51e70d776a737d511836399e3c78bd190a0e1a5d55f72a285745dda14a
01_logo/png/icon-navy-1024.png,71848,c1373b8bcdbbf3220c305663608c2c56f8e5a1c8e124bd8acb53204471c75211
01_logo/png/icon-navy-128.png,7626,433f7584bd8aa2385caaf7953785f69a43a202906e7d9ab00ace50204f4d5f9d
01_logo/png/icon-navy-256.png,15923,ba163069db40c22fcebfce23d053c3f819cb12a4620389fd576872997a02446a
01_logo/png/icon-navy-512.png,33825,9b33b12c702c98758b5e50b12732f0c7aa619a86e573a103275237bfc070d3ce
01_logo/png/icon-white-1024.png,55819,08fbbd06e5150354c38715106e9f44f62ca867cdbe417e3ffcd52e24daf428db
01_logo/png/icon-white-128.png,4731,588e51fad0910038f14366b1f271eee7329053d9d3434168e72ca12560fa96c8
01_logo/png/icon-white-256.png,11166,b63888e8e5025ab73ec0525ca36642f4888e2ec1b2899f780a6bfb066893f309
01_logo/png/icon-white-512.png,25763,8d5fa6575bb77fcf0021b5e54394e0311c79f7855ba4cf74a044dbeaa583ce64
01_logo/png/lockup-tagline-dark-1600.png,98254,4a5105b00a5512228fb6f7f3b6991f8cfef280d860a456e176c87885b6b7833a
01_logo/png/lockup-tagline-dark-400.png,16821,5dbf7fdf916b92c501839b4fefdfbba0450985a341b0c4d8100c78bff174c63c
01_logo/png/lockup-tagline-dark-800.png,40596,9acea7f3e8b1d5efed0b704aebbdd7b9e6023973e899ecd3a67011be3fbe934d
01_logo/png/lockup-tagline-light-1600.png,105475,5d561df43e038b409ca735bff38501d17751c6a8f4fa30d52b0ee2714069b698
01_logo/png/lockup-tagline-light-400.png,18464,acb1ebede3ea6ddbf0c61ae7ac8cd83d3a6ea7344fe8b261d910d89c1536e9d2
01_logo/png/lockup-tagline-light-800.png,44301,1aa950b7e864991be84dd12c11d31da905d73b0f4c1aa6a268d7a8c55f88c741
01_logo/png/wordmark-color-1600.png,96802,72c709c6cb54ef807e2512428f242f95581a7475e7723c734ee213573c6b740e
01_logo/png/wordmark-color-400.png,16610,7134c76b02c9524b366a7f696cbfb85c573fa62c28aafa71ea2e9d57fa178619
01_logo/png/wordmark-color-800.png,40290,54cb56d2c840974c48d32c9900dc2f7919bb1e5088daa57be667792995776bd1
01_logo/png/wordmark-color-dark-1600.png,91583,b1f1de42dba574f989e9d2e864d114bd903a0aa208fc4460de867f9b3fc2c4f9
01_logo/png/wordmark-color-dark-400.png,15477,bc049ec267c06c3e102a0fa0e9c3b7b228718da569872dec89ea8cdc67583823
01_logo/png/wordmark-color-dark-800.png,37607,3bd0c47e8ac75c38793bf2aa5bc1573dda9750e439b03e2849d6b10391d456ef
01_logo/png/wordmark-navy-1600.png,59401,80bbb2d567a792b8e4167a1e1a8566288ecf651b20e4ad1ff718bfe519d5cc18
01_logo/png/wordmark-navy-400.png,12298,f7b588fde18fba04f1bdd4d727386444d2efb397a8b0e6315e0bdd5f5f6f8a35
01_logo/png/wordmark-navy-800.png,27204,6d0ac0a2ea5ec88f9833750412a74990ce9ac1b2d95944fc2157e8f23313c548
01_logo/png/wordmark-white-1600.png,46122,7eec42f30ca4ad95d933d0ebffb3541be7632c420ad227d7837ba8c1442d1600
01_logo/png/wordmark-white-400.png,8895,50a386811bbfa4ffbe29b541ea33b0e18f51a4c3da5f68f755cdc728374fad74
01_logo/png/wordmark-white-800.png,20254,96092cdf36b39f63871861cad72daec43c61bf18b7ab82e6f23aa08ec2e5b07b
01_logo/svg/icon-color.svg,19864,2db61eb4ee74fd68509fd9d5b061033f680333caba615797d7aeb05561786880
01_logo/svg/icon-navy.svg,9640,57d0537bab08d2744cc6f710d68349ab4b090792ba182a84f966e8d67c5cf2c9
01_logo/svg/icon-white.svg,9640,7d711aa4c9ad1bf807934628a1152d8eb63b972f211932c8671e57647dcde7be
01_logo/svg/lockup-tagline-dark.svg,30447,9a72dc42085756110ce17b355c1b328446891cd95c165ff6be66ca84863ccbf9
01_logo/svg/lockup-tagline-light.svg,30447,7ddb4b7f6e983611b78c68ce34674769dd67617b758051c2826bcde931838b01
01_logo/svg/wordmark-color-dark.svg,26782,9e10a36906211253847221070890e5076775e77ef5bc98d13581d5c36c8bc787
01_logo/svg/wordmark-color.svg,26782,15bef49d1df592b9878ff8d64b70b1ea40c1096a85df1bcda8a8fc464add6e44
01_logo/svg/wordmark-navy.svg,16558,263ef10f34e7da24186df495145b34f2b2d80170ea6e92c296d98b32220cf083
01_logo/svg/wordmark-white.svg,16558,df973bfe5815efb193dc75af23f29faa1499f923e7f74dcaf485ff1ccc85dca5
02_app_icons/png/adaptive-foreground-1024.png,92392,fc7bd02eaf08ee49f7858de476339657490a054721b173f4c772d4c18744e172
02_app_icons/png/app-icon-dark-1024.png,101188,3156d036d640669ded0e7cde6d800df8d4f7349ade29a12f44795fdc0bbff0ef
02_app_icons/png/app-icon-dark-128.png,7397,72fc5b4b84dec21eda7961e1f0c88f8452476ce18d6911cde1469dec9388cb5a
02_app_icons/png/app-icon-dark-180.png,11414,b3af1b327c20d739c6402231115fbf3561c2c7c96443ce497e0d761c095bce6c
02_app_icons/png/app-icon-dark-192.png,12311,b9f5a95a065ee581d0e4ddf50e450cdc7954c55ce2372633a13b7f758924f0ff
02_app_icons/png/app-icon-dark-256.png,16938,b440b8a0ecf1f2aca713dd8a7fd75ecb369e9ed738b89d20d77cba055c685fc1
02_app_icons/png/app-icon-dark-32.png,1298,49f0fad8ae37b26fd1c59b1595ba98251c22021224021a857040478c0dd0d29a
02_app_icons/png/app-icon-dark-512.png,42199,ad79fee0815eff3f1b24c7f3f54eef4b0704766ca1fa63912112157212287cc0
02_app_icons/png/app-icon-dark-64.png,3203,802d54a0c6bee800b5e7f82d0ae87dbc2c5bf460a49143e511bf6ccc72359072
02_app_icons/png/app-icon-light-1024.png,94379,7d39e18660f66cab14be7368a753a1928263808d2fa52ff63d866d2bbc0a0215
02_app_icons/png/app-icon-light-128.png,6458,387907b9f92c05f3e9bbf904d71328e868c064d8a25bdbbfbdf65eba669ebaca
02_app_icons/png/app-icon-light-180.png,10110,fb72493c1a3381eab5650ce67cbc58f5409627c93daee1f78bc51a23ca8a3185
02_app_icons/png/app-icon-light-192.png,10855,12e326a281bb58a3e5633cbcc3d37c3abb2b8ea3029d52611c9ac1d329773df4
02_app_icons/png/app-icon-light-256.png,14973,e24cdd064fb83b591a03c08dffac1c945af8405ab748f6056b6f91e21a707828
02_app_icons/png/app-icon-light-32.png,1155,dc860bc730f44d1201f43cdb5c3cde8bdb46d378e0d4ba00e92292e1878de243
02_app_icons/png/app-icon-light-512.png,38398,6f2df4c5f8abccc73f033a3e4c5206ddf2927ad02022eefd7fc084c5bfab23f0
02_app_icons/png/app-icon-light-64.png,2790,f6f5321eaf5dae9d7ec1ce0457982128db83a1b692ff08cc41918254aaf36cf3
02_app_icons/png/favicon-16.png,772,8072f00f7bb45d5f7c431626af7dc7ce7fb3161f892a732d377bb53b68b6079e
02_app_icons/png/favicon-32.png,1767,a91e18b7078f3030487ca0cbd8bb7af6714c58ae3c88bab50ea3669597721692
02_app_icons/png/favicon-48.png,2720,cb0600cba1652dadd3047a44cfe653cac0240e1fe9e3fa3ddb4832ed296c1c73
02_app_icons/png/favicon-64.png,3688,c74424ac907b99924a6812659c360f93c42c7b4ecf7ed3a7d09f3c297e0a3287
02_app_icons/svg/adaptive-foreground.svg,10345,eaff103ae374f2c2855bd79eef9d3ee8aa1a259a51bea393506dcc0f26a9ac7a
02_app_icons/svg/app-icon-dark.svg,19991,87904456f960ee739e339724762f043d975bfbb1d9e94cea037a02ebb73cd590
02_app_icons/svg/app-icon-light.svg,19991,1140c715de1f2b544e3e058ccaa8dfa55e67e3226ecd646c771c40324f6f3e27
02_app_icons/svg/favicon.svg,9640,57d0537bab08d2744cc6f710d68349ab4b090792ba182a84f966e8d67c5cf2c9
03_ui_icons/mixli-icons-sprite.svg,7112,788a23d57e4f26584ac938c69dc2b5e58802a83849c344f4244a3ab43499eb75
03_ui_icons/png/24/arrow-up-right.png,288,f7ca804d3a31180f9121747519207d723da5aa43b04f5c3192d2591baf2782b2
03_ui_icons/png/24/back.png,285,2a42db6cb6e8b6d11f55acc32eb3afdc6d79c23883d615af30eb4f3edbfbc6ac
03_ui_icons/png/24/camera.png,721,fa1ee9c2bd43d7cdb83c374d8fe33fb892e0012f336665a667a595226cb1d6c0
03_ui_icons/png/24/check.png,423,9b0385292f5dd06e8ae6dd51d9bf93f4ff2f69c80270ae0b49f55b67d8f5c6fb
03_ui_icons/png/24/close.png,378,2b57d5164403d312aac9d131f923213242bf0a18b78143c4ff7314ac628552c9
03_ui_icons/png/24/create-filled.png,710,5121879660feb0ddd970e76f32d002a5926a4ae2d2017641c819914a4f9204b0
03_ui_icons/png/24/create.png,623,ec03e6915a50c0bd1593aedd4ef617b45474529da10b063d4780c6c700f2bf03
03_ui_icons/png/24/download.png,278,ca15d6fb28b502e51d690a9c1ca7a80d84c156828d61eb284eba919ef6e2e408
03_ui_icons/png/24/external-link.png,399,be98e9a0553d9de26c108f93d748fd2523e4caac32d5da67526dcd8c4577e57d
03_ui_icons/png/24/filter.png,170,22a239d6e486f56ee6fd7e5a07ece1c66da951d1f88cb7ecf717f5e6c4692e42
03_ui_icons/png/24/heart.png,767,eb897cf1c3c24e6f4c4ae8d0cfbdaa0cf1c6d7a1100b55126f9fdeb8a088fabf
03_ui_icons/png/24/image.png,666,2acfef7649c1a685dd5d34def275f2d46fc0519e63c53da4a270151c5cf807ae
03_ui_icons/png/24/info.png,748,fdeea086792f1e6aceb3904693031e879a7a6593028bac23834b1851c3783c93
03_ui_icons/png/24/me-filled.png,425,a1773e7953c00f8ca11d0650abcd15091de4c99b54da3c16021f8a92d3cd759c
03_ui_icons/png/24/me.png,612,3c05caf3bb40ee468b176d3c3977a9e41c2ad7f6e24b6dbbc7c26e62c847aef9
03_ui_icons/png/24/microphone.png,610,30b4cc19276bc5d8be70aa5d827b0add12897ecbc2a7389b8447fdbf5772e5af
03_ui_icons/png/24/more.png,123,f306ab25a776eedd161bc15651298a63ca99015b5add8ef2fa7222601f89832a
03_ui_icons/png/24/mute.png,477,aef7a9ac146b75b5a754e86456fe9720c5044ccdfe9d315362866abc1cf0ba72
03_ui_icons/png/24/play-filled.png,352,0a9089be1db1992d60c0503377bf1b5b50b6f85d562fc0e6adab03ef943fab4c
03_ui_icons/png/24/play.png,400,1bc11385c46144e6330e54e7994958e8590fd73fea54e6d321d3d0e374d044c3
03_ui_icons/png/24/remix.png,622,fde8a74d0b0c764bbe6ece89e7b0d4858752c2f753418080733c6bb75ddd2b0c
03_ui_icons/png/24/replay.png,643,5ef754abaca47ef8d2207844491606297bf67b1ee242bc74874579cbcbaf3bd1
03_ui_icons/png/24/saved-filled.png,299,0280d933838f4308bb0629edc417d69f91540146e57e050fdc0517a98f16eb66
03_ui_icons/png/24/saved.png,397,e2b9eac882d7b124ccb48a23a05ee33cfc7dee12f1386124f385f9bd3ff8a7be
03_ui_icons/png/24/search.png,616,022041316970c92412eb87fd6fe4e3d9ff61324cb7e3727c6607d65b2cc9d7ea
03_ui_icons/png/24/share.png,340,0178ac150b0a4aca4f461b02207bef77b2ba230f6dd25686e72df57643fac413
03_ui_icons/png/24/spark.png,522,c8e690230d2ff19ad305647faef6da7055948ab7b6d641fe82597179e66678e3
03_ui_icons/png/24/volume.png,590,a16022e11eb78c4da98f8487af7d0427e9da7e930e01b27bc86737dbd51805c6
03_ui_icons/png/48/arrow-up-right.png,443,b35e748400d9897dc980be7edb24c2c9f08a3e0a5d694ec30db107ac5d0b1914
03_ui_icons/png/48/back.png,489,5b32f78172d89c4a837c2f191fdfb7ac3a3d82e6a48353494c531f3ac7b0c7fe
03_ui_icons/png/48/camera.png,1266,d397a877641f24a9f77d8afafa6269208a34e5f23ea7e469b412c92fe381a7df
03_ui_icons/png/48/check.png,745,6de22f42270e4f96c20d729805b02161bea4e4de42893fa462ca05729b8ea26f
03_ui_icons/png/48/close.png,592,59c5208722e78ea74de62b1ace5c77a828be8d56d60ee538b50c73d2e8bb5af8
03_ui_icons/png/48/create-filled.png,1301,9e04fa0a6b30ed55c7a1eb6ee53135b799d4541a583435730415454bdd2d3808
03_ui_icons/png/48/create.png,1120,e90627b394beef6e727c472a86430908c545f3a2cd49b6c87dc6e0c08012e9cf
03_ui_icons/png/48/download.png,524,0bd5c2a403b0757eee5881214494e2f2090a551b8532eda36c9a0d482d8eb35e
03_ui_icons/png/48/external-link.png,680,71370f99ae3c894d55b81f33a8d4ccffea1cc83e7de4f8d7a4c3d34a2cc076a2
03_ui_icons/png/48/filter.png,259,82cc48e9a2af0e949bed9c77a7ac2fafa4191c6813e41e63923f3bb9992abb11
03_ui_icons/png/48/heart.png,1605,5a8f5344bb69f412f18709ba9ec365ac5d488693f4af879424bab929a2a33687
03_ui_icons/png/48/image.png,1253,0e7c841cad19042d91990c678a3affb575858380a9fb067377dd2ea41e19b305
03_ui_icons/png/48/info.png,1563,c00335b3982eae2cc43ad503e91419265c42e35ca136aeef6e82597a419b8081
03_ui_icons/png/48/me-filled.png,749,3e77a5765194aea8a76257a714a4e451ba4bfdd9c9a046fb0286af1efa56d5a7
03_ui_icons/png/48/me.png,1192,33911ef7d92c57401434ec93270bae24e8e46722b1684b8e420ff1df7b343209
03_ui_icons/png/48/microphone.png,1128,6f333ef4a053ca0c1d51f16c0e43fdde5c1b6b5709421d34356089ac2c455c23
03_ui_icons/png/48/more.png,186,7dd51db6d313a5b2d30a901ca30fcf2c91fdf1dab835bacfba7a139f84be2310
03_ui_icons/png/48/mute.png,978,295e25e8ecabf9e4ca9adc38440079e7fcbedd46c6cbadc91ac66e2a3f286a0e
03_ui_icons/png/48/play-filled.png,644,230eb0296f634c4a479929f63c53235a9879a380503bcfe39121ab9153d505e1
03_ui_icons/png/48/play.png,799,7756dce77fc17b32a57bdd413b938539c456b6d3c6d87b07e93a3d45a3226969
03_ui_icons/png/48/remix.png,1150,1f4c67d1225f83affd2fddf0631d5daaea7c15d98db6db6a93dcd1e12262899b
03_ui_icons/png/48/replay.png,1260,cd50a3c1e26016fd8ac78784f6b0b355fc6bb98469e9f1ce6131aaf67b64af7f
03_ui_icons/png/48/saved-filled.png,519,1fca67e60b6b71a904c676d9437f1467098b5cd49c8d1bfedd166782b5c26dca
03_ui_icons/png/48/saved.png,738,2abba55cbc0e8e8a3bf7f158bfeab2ae91586e17b7467dd07b1a02c99e45cab5
03_ui_icons/png/48/search.png,1159,4e3ce925d686f950e7f458e1246af0ec017c3714fe5febbca81bbd4a67fc5c20
03_ui_icons/png/48/share.png,670,7af63b348661dbcaa1cb9761288377af04bb0682e96d65248d824cd9e9bba63f
03_ui_icons/png/48/spark.png,1035,66e3a455a034261d40b858dc8833b3d5bfc20c6f71cb5ca3ff278fa58a894785
03_ui_icons/png/48/volume.png,1217,2f1058c446002812fba4b2e3e965bb841dfd2e5b14723a373a2f1119b8fca00e
03_ui_icons/png/72/arrow-up-right.png,535,9951677f0de959e56b3b9c72479b151d7ef4d248d987362589e381bab7f840bb
03_ui_icons/png/72/back.png,657,9b548005efe5b47531a7f0b3e49bc2c15c2ecb37052d312768ee1957d10ded19
03_ui_icons/png/72/camera.png,1930,648569f7350ee607f373a15124b3e1fa2f1567e466501b9165e2a80d1e456803
03_ui_icons/png/72/check.png,1045,3fe6740e4ecb0d0b0142295efb6df34eb7194af2a2a17c84fe5fd348ae016aa3
03_ui_icons/png/72/close.png,722,e9f8104ad762a80accf41f53917d6748ae232635085d76e3c86a12057f6ea208
03_ui_icons/png/72/create-filled.png,1841,7ffd4f4e6ff46b71bdf0df15c814d6f1b5070ea976caf22c71041e093c8fd6c5
03_ui_icons/png/72/create.png,1650,cd701dd382d9b6ba7c4495bdd716aaaab73ae0a91436728eac8fc353c53d2cd6
03_ui_icons/png/72/download.png,670,f9f688e19123e7628758d0f9f967a696d8d5dce594a4437ad9fd4134bc6987c6
03_ui_icons/png/72/external-link.png,891,ac4e02e72d4e4db93570877b6e6a00be633a1baed3fa2d4296388c0f2dd28783
03_ui_icons/png/72/filter.png,401,69df26be571f6a71b1b615e8910b44af6f97eb9f4b0c1fba70db6fcbdbc4e887
03_ui_icons/png/72/heart.png,2417,1c22b2047af53d0fbe3263e00c3beb3e635ed04cafb88b96e4fddb22959d98df
03_ui_icons/png/72/image.png,1979,ccbccc936c61ba82e00fdf485f802b357dcef7ff90cd39d3f62d444ac15d0b44
03_ui_icons/png/72/info.png,2307,0cce6f9c28156aeba33adcbbce0afa5f4cb67a75910e539ac6199fcf6e7c2639
03_ui_icons/png/72/me-filled.png,1148,22f7d067bd1789a9dbf82c8dc95dd42d928e8a6e4aae8b0fbf58c0139372d7aa
03_ui_icons/png/72/me.png,1807,961912e1befb960e9c46120dee9c075e109f4026b7e65d1f0ec5a34ca0709e7d
03_ui_icons/png/72/microphone.png,1846,24bf1e48804970f95f02edeed14b9bbcc227dfa4cb75c674fa771ba6f2bec104
03_ui_icons/png/72/more.png,259,300ac4c6c3860ea21399ba55be7580181583e6e13616f7b87e02700b466ea05b
03_ui_icons/png/72/mute.png,1318,aa0b1bf14e0747c18fd036d0a51fa7e86ff30bbf557e4cafe54dee29880124e5
03_ui_icons/png/72/play-filled.png,895,7f2e655994f3245684f9291f45910111bd91cbbd916c294dfc13b249898524f8
03_ui_icons/png/72/play.png,1155,f8a1e156b783cd79ecd7398a2f90f68d98eafc11461392257bbfbe8c35d9fb24
03_ui_icons/png/72/remix.png,1693,a83f8aab0aa5e40318f75369df9514f8bffe5740abad5c1c5511b485008320c9
03_ui_icons/png/72/replay.png,1860,ef433d8a57c8089235278aa7fabb7386dc452d7c62c1a0c26b39abffdf9e9d32
03_ui_icons/png/72/saved-filled.png,775,f4a317af6ca333c64cbba891ca4f0586232ddd6d8f096303018110419a396e3c
03_ui_icons/png/72/saved.png,1132,19332b4993eec1d07303c188d26120233b3594d60e63d8a2ed3912415305c0ad
03_ui_icons/png/72/search.png,1893,23ecf2a123831c9c9bea0d49b073889ed3bf4b7c97fa554f49cc778125f16ef6
03_ui_icons/png/72/share.png,930,7197eccf3310998077718f5cbc83ec99dea956ff9e515f0a9b07c752509ad5a8
03_ui_icons/png/72/spark.png,1620,5351a21f8c97c8ad08dc4fa24f42b10161da4769f58b5c82cf645969504c1d3f
03_ui_icons/png/72/volume.png,1670,6e16a7fc8d1285e649ab55f779fa3f9fedf6488249ab41cee4fdecaf9ca0449f
03_ui_icons/svg/arrow-up-right.svg,204,65decc87c17acabf7def2e989c5effcee593b2582476d4cfd730ccf11d032d44
03_ui_icons/svg/back.svg,200,59d7a30bffc5feaec51dd8371efdeb376e63f3e2ebe9f99041c32a07a3c0e7a7
03_ui_icons/svg/camera.svg,292,0e8a15ba181ae66fea017ac7ca123e48eb52177914b6b35706941da9682fcb2f
03_ui_icons/svg/check.svg,205,46c580d4458ca48da68a3cc6878fb4032817e5bb4d5eaca6efc8929aa6877299
03_ui_icons/svg/close.svg,205,a1e638f81c0fed0671701619d3475f527f95d36a3edb112146e0883f13c70fb6
03_ui_icons/svg/create-filled.svg,316,10323005107fb3067244511d1fa9adf8db4d74b8efb56cec97c29e855c9c7993
03_ui_icons/svg/create.svg,258,18fb6f270d1c87f5364ec53829e812718d82d06789f9120e0e53d7737cf2fff3
03_ui_icons/svg/download.svg,230,4a0b9b9d1057ce3cf6314711e389a3e742341e50ee90d2490930e7b9b767bda0
03_ui_icons/svg/external-link.svg,272,57262ed797e6bb269c2f1bc9c7130ef578cf23c1db3bea3348bc96e3ff704d6b
03_ui_icons/svg/filter.svg,209,3a2cac9c36df34b6dccd4786e5dab78a07b6ab8cdc543aef9d14de959b08cc12
03_ui_icons/svg/heart.svg,268,db8bf62b1589324eb1c0f034ca14b826f1159d53a5221040746c18a81d1e6256
03_ui_icons/svg/image.svg,310,51f96538e4919bb8f71929d6daf0a978cda9c761a3583a29b0d95c6f81d413ec
03_ui_icons/svg/info.svg,239,36fab56dbb4ce8f601aae239486645a1878858d9fa892c48be76f0f737d82cd5
03_ui_icons/svg/me-filled.svg,329,24cb1d8801717202dcfa71f54a585b5dbb268a09283102dc88046adfa8931cc7
03_ui_icons/svg/me.svg,259,f7da6bef75230ab127459539b579996ffea187571f13b88cfb8d1bdf8d907c8b
03_ui_icons/svg/microphone.svg,278,7df2ad0147f3de10f6037df42e1b1254d6cb4ffec7cf3505e4a4baa98b728743
03_ui_icons/svg/more.svg,367,03aa4046a4bed2c4be28dfbd633741e11bae47e49c37533af51fb6f4f4e43344
03_ui_icons/svg/mute.svg,239,25eac5b8ed36405b3d1c6926176368e796d87a032151faccf58ad02b3d4063a5
03_ui_icons/svg/play-filled.svg,305,b7da906658a606e3224a6dbe0db355d8a036863198eb64315cf15989d0c1968e
03_ui_icons/svg/play.svg,207,7124aba23e7d62035cb3f5e329fd526e73f22680031508b35e2e6b7cb294720a
03_ui_icons/svg/remix.svg,336,d96fe38f336ae2249300351428191f0e9e1254214aa6579ed9e85d7db19c5765
03_ui_icons/svg/replay.svg,235,7c71c621de07b00335d12684a98214de6184906f40d083e4ecf029ebf6a6db69
03_ui_icons/svg/saved-filled.svg,297,da8fd2cc49a80bfe31b98e085e2e46a65b194472b3344e9599f2b6a005752528
03_ui_icons/svg/saved.svg,243,9f0880cf08da8517e2df3f483bdcbf280cfe2c435e6f43a2e47c6348fc801895
03_ui_icons/svg/search.svg,236,e41ebd74ee25ed057bcbbcf59f1f114b8ca76004f00c0cd5592e90b7736b6831
03_ui_icons/svg/share.svg,274,4bf0afa10224a45855fedc5232a79b8ebf7e0af5a68a0b5c556b7400cca4d077
03_ui_icons/svg/spark.svg,268,b960bd9b107d748a215904a894ad1cdc27cf1ac443801f86717178a7b4971e68
03_ui_icons/svg/volume.svg,273,152ea3bdfd6247df1af9669ad56da4c1f5b6cd005877644fd74de5fb76ed585f
04_empty_states/png/create-dark-640.png,17826,03b5367ba06dc052930cf73c7f3a990b99487bbd9a48571da46484d29a927c1f
04_empty_states/png/create-light-640.png,17763,ecd5ba37d6a4cef5aeed83b487aedd7053f513b5d785e613a642a47f6a2b8479
04_empty_states/png/following-dark-640.png,16160,824a1d3684c3dc9be46ff64c866b53f4ed9a916857aa1e87c6088cda5a75cb78
04_empty_states/png/following-light-640.png,16238,e79a8849c9f6d7f79f53748b7978f5b9cc1400299ec519f33d802c53aadc4555
04_empty_states/png/notifications-dark-640.png,13000,cc44e61470dcbfb1a45c52c675b4fe3a4f225726fdf0884a5d21235a7a23af3b
04_empty_states/png/notifications-light-640.png,13103,02bc14e2f75fc29864147b013fc9c49000a0c321ce13e093a9a4b80c1804a52d
04_empty_states/png/offline-dark-640.png,18265,b79bb86f2b7f3ab8cd77b3fb3dec1ca978fb7f253f2d80f4a9ae68be2ce91f49
04_empty_states/png/offline-light-640.png,18106,feabfb9eb63278fc4e50e06062238539a80b5105884f33545f8a00aee300cb6d
04_empty_states/png/saved-dark-640.png,7902,e42053eedb52a820debca2c82e147107800ac25df564141f417ed5874adfdd52
04_empty_states/png/saved-light-640.png,7785,4216c63610f40f3fc1f7e33a5903cadad479a4c79dfc7aba853270ade2053c18
04_empty_states/png/search-dark-640.png,14963,8bc03f5b5b1b767a473008aea969139d94f04765d3bbfc486e78b72df18cf961
04_empty_states/png/search-light-640.png,15121,3bb00a3d6a8cfaa3c950f15097cb1b286a89836088513f7efd2903fa2dafa336
04_empty_states/svg/create-dark.svg,645,09bdcaacc255a07b58aee256b97f18bca00bc9253986acabccb8b942bfdb50a2
04_empty_states/svg/create-light.svg,645,51d69dd66e4332c02e8cd2fdda872c6895ae4f9ced3ee84c26623aa971d99844
04_empty_states/svg/following-dark.svg,633,5aefc631d2dc68a0a83fab0a31f0eab27db4c8c6676f93ba8b2d83a2fee8b828
04_empty_states/svg/following-light.svg,633,925fec1a34b1e77a0c09edd6b4d972d6608da390b043ba3829e5a1a566d2f8f3
04_empty_states/svg/notifications-dark.svg,662,13515897e8bbae10a9cd46a06f80e4518ab9caf449145c886c02e54dd00b6006
04_empty_states/svg/notifications-light.svg,662,f064872ce7075112b046e40307bdd05dff71bc07e3198f6affad11ee5162705a
04_empty_states/svg/offline-dark.svg,614,ab327a20d58acf61bab14cc4608933b38087ad4e07211181de6ca45077b53870
04_empty_states/svg/offline-light.svg,614,aef303c26e62d562aa88e26ad98186988fe2d12fad74dfeb7bb0c26a8f267b68
04_empty_states/svg/saved-dark.svg,599,0d431f5fb7e8a3b77bfb3d86371a926c61f3a1c80722a492cacce7899b6f08ac
04_empty_states/svg/saved-light.svg,599,88cf91c625c457fd0c0bd1c114ccec3374ebbe985165ca263118d2212432e354
04_empty_states/svg/search-dark.svg,642,a3d22aec8051fe0f57ce225393becaa846685142a357b33ebcadf9d3fc9682e7
04_empty_states/svg/search-light.svg,642,461a3567bab3404ff33d404a1e91e9d1de83ffaed7fc6d17c3cb3b9fc144e3a6
05_marketing/png/hero-dark.png,52415,f6355358bd3c5595e9754c43cb6036649549af4f9d6caa7f16c68f47ffda6c0a
05_marketing/png/hero-light.png,50330,01cb56d3102c6888eaf350ebc1c69774d247f4a35cf16bf3cf42a5f280552db0
05_marketing/png/journey-ribbon-dark-2000.png,102981,22bcf3cd9d7569a4466ac5c655081596717b0eaacff93b4173304fa060cefd23
05_marketing/png/journey-ribbon-light-2000.png,102981,22bcf3cd9d7569a4466ac5c655081596717b0eaacff93b4173304fa060cefd23
05_marketing/png/og-dark.png,38446,d89dfc80a41749aaed43f2874c11aa8ea7757495d2e09e2933bfa0843d10dd81
05_marketing/png/og-light.png,36694,33a456550852404308a1b571b93c8a217ba68f7783946e55ba5b906547e359c9
05_marketing/png/square-dark.png,49959,d8dbf959ceea02624e26491f31b2f4e4a2722c27630dc84ee1d7513cc3cca731
05_marketing/png/square-light.png,47423,4163d9984fd05ac65d8452e80519c5086d0e7c5f9ba98bc573c3b7ac99b8255e
05_marketing/png/story-dark.png,61883,5473c804111129fac8e9cdbe68f1541204a9a15cc15c6087c20198833decc763
05_marketing/png/story-light.png,59237,d3f355f2b215de3d9c90b9f39df7913de0b555ec4c11c3f10e0a9306315be047
05_marketing/svg/hero-dark.svg,27659,c7d9f4fcb354bc7dd89318534bc2d3ce47a3cbb7bea35fc765cd2435202a42e6
05_marketing/svg/hero-light.svg,27659,2a818de94ca2e4958c290e42facefe02d89a31e55c0dc9bb934aba23d2e089ef
05_marketing/svg/journey-ribbon-dark.svg,748,b6b586afcdb0947a67a264e7f64da4e471f2f2291a4bd7d58b420af177d4bbce
05_marketing/svg/journey-ribbon-light.svg,748,b6b586afcdb0947a67a264e7f64da4e471f2f2291a4bd7d58b420af177d4bbce
05_marketing/svg/og-dark.svg,27655,fc344709fdee0a7e9b871aacee33d0b31c2984103be838a1cc51d2907bc5d68b
05_marketing/svg/og-light.svg,27655,b1ee370899a0e3d3ba547b265b580c581f2d15eb2736227677bf509d6e2cb462
05_marketing/svg/square-dark.svg,27677,d32c314336a645389b85f38ac05ac904a35f50f77d94c7d1f0c972262b1e020b
05_marketing/svg/square-light.svg,27677,b881e258ae652e5c3bbb6600192ac9493dfe6735758a4b91a19e122610fdc6ab
05_marketing/svg/story-dark.svg,27682,ceb5a0ad5e1be28fc069794c000e45954744fb30f5c0805219723ca40a193819
05_marketing/svg/story-light.svg,27682,5e14ab055892c852775109e6ea54582ce92e17a01fa61af62405f15e0a514156
06_tokens/brand.tokens.json,2577,2946cd5dcb2cf5dc8272a5af4842133456cad6006a08737a2ece0605e8e95ffb
06_tokens/mixli.css,533,20d1ec18e1eb809aa0d7ff635a1efc1e091567551dceb07746f42682b9c6854e
06_tokens/mixli_brand_tokens.dart,829,f5cd439e8e39128f9d8aa73a342b06a2f35d367d587e48caf61d7386945067ac
07_docs/ASSET_USAGE.md,470,e4dfd568ceec5d0127219cb30022b9def554ee54d35c40a7bbce0797e23315fe
07_docs/BRAND_GUIDE.md,3615,5f7df0d131705407e20467e1f96d022625172fbb9b455191f5e0f65c2a3ae21a
07_docs/ICONOGRAPHY.md,509,100736ff0193ce8f56fa9c4c06456d134cf8e7916974f6e3648659a26d73a2a3
07_docs/TYPOGRAPHY.md,956,628063eaeb3dee8b498a562cbc315bb379be40e4b4e18ee420b24a94311958f3
07_docs/brand-guide.html,2301,8a47f1838de51a11958159a8ae7d612de6e8f6fd7b42f5926d75fab3ea0bede8
08_qa/QA_SUMMARY.md,1335,5bf906739454d2db3601673cb4dae2cf9678ffccec39d979bf2b45f6c2e7bfd5
08_qa/app-icon-alpha-audit.csv,913,e3d4042e47640e69d2a14f960ab5a37d5fbab6345faa0eedd626a1123180bbfb
08_qa/asset-validation.csv,14210,903d7991021495e3cfc6524dcfdabad73a001bcd8f296e14ab9dc420be3291ab
08_qa/contrast-audit.csv,211,c8d1d8f82e4ec02ac6b20048908c9cff536a08de60c9a58e932f13c8598fe42f
08_qa/reconstructed-wordmark.png,42853,60e1ceffadf0f0fca088958fef51d26293e765993b3095ddaadaa69925dc8078
08_qa/reference-similarity.json,73,f5bb3b2c0f7b9ea59f000adae27d287781c6d45ea738aa62093e87c503e7ff7f
08_qa/reference-vs-vector.png,228026,64e41c62e5ed0ad1d106580ffac39592c579e6993c5fd0e9b13196dc9277b0bb
09_previews/app-icon-contact-sheet.jpg,38559,c43a524714e4337e909ea763605f930b0b0635ecc615f8a138d893064b82f64d
09_previews/empty-state-contact-sheet.jpg,88486,bc7ca88b0d675b9d1feaafe4c44c9874776c9ed82b94bf634256d92f12c0afe8
09_previews/empty-states-themed-qa.jpg,110183,903a0c480bdc2ca927237b73e1262de387bf5c0716c3126533eb42e4170573ca
09_previews/icon-24px-qa.jpg,109882,913a19a92d48023807bae03d4b006e73f41abbebd0ad68fa87298fc8dabc6119
09_previews/icon-contact-sheet.jpg,102916,73a7228c5a4b7a7442f063596a901338b34cf2184d25b04e9b76a3a3cf21f8ba
09_previews/logo-contact-sheet.jpg,108277,9ab58b5fbbd4f41c33103b826be50b1ed1414e06cf0e7d3accf94aa88cc97669
09_previews/logo-themed-qa.jpg,192324,2cba7c37278e258ffe1db3f109a94f501a53efeb68385555a8508b5877c106e4
09_previews/marketing-contact-sheet.jpg,128391,93a1f8f8ece6630eb7819cdfc038075b5fc1e86574eb60d8b878e7572a80ce16
09_previews/micro-size-qa.jpg,41689,9d616592aebfad808b0a080d0c6424e884d4d61345423d75f895a7ee1d01b1ad
README.md,249,604dbd316a1b64ea65d2efb9e9f5f308382ec40464dc4450522119028e758576
